Manolo 55 manolo@gmail.com Barcelona matematicas turismo ciencias quimica deportes
Cecilia 22 cec_ilia2@gmail.com Barcelona matematicas turismo ciencias quimica deportes
Pedro 90 pedro1@gmail.com Barcelona matematicas turismo ciencias quimica deportes
Iniesta 53 messi10@gmail.com Barcelona matematicas turismo ciencias quimica deportes
Fernando 67 fernan@gmail.com Barcelona matematicas turismo ciencias quimica deportes
Maria 18 marina@gmail.com Barcelona matematicas turismo ciencias quimica deportes
Paula 20 pau_2@gmail.com Barcelona matematicas turismo ciencias quimica deportes
Cristina 32 cris32@gmail.com Barcelona matematicas turismo ciencias quimica deportes
Alessia 28 ale28@gmail.com Barcelona matematicas turismo ciencias quimica deportes
Marc 27 Marc@gmail.com Barcelona matematicas turismo ciencias quimica deportes
Alex 19 Alex@gmail.com Barcelona matematicas turismo ciencias quimica deportes
Estela 19 Estela@gmail.com Barcelona matematicas turismo ciencias quimica deportes
Eustakio 80 pinneapple_pizza@gmail.com Barcelona matematicas turismo ciencias quimica deportes
Rigoberta 44 rig@gmail.com Barcelona matematicas turismo ciencias quimica deportes
Luna 22 sol_33@gmail.com Barcelona matematicas turismo ciencias quimica deportes
Blanca 18 light_kira@gmail.com Barcelona matematicas turismo ciencias quimica deportes
Marta 58 aksjdajd@gmail.com Barcelona matematicas turismo ciencias quimica deportes
Emilia 21 Emilia_sanchez@gmail.com Barcelona matematicas turismo ciencias quimica deportes
Ruperto 19 Ruperto99@gmail.com Barcelona matematicas turismo ciencias quimica deportes
Alejandra 39 Alejandralol@gmail.com Barcelona matematicas turismo ciencias quimica deportes